"nodes";"posoutlet";"Xnode";"Ynode";"width";"depth";"lengs";"vel"
1;1;4.5;11.5;0.772134318787865;0.813119328388251;4.24264068711929;0.949595332235398
